Protocol,Relative SAR,Max relative SAR,SNR,CNR,Artefact area,Sharpness,Mean signal near implant,Signal loss percentage,Comment,SAR reduction vs standard (%),Artefact reduction vs low-SAR (%),Artefact reduction vs optimized (%),Image quality preservation score
Standard protocol,0.0006608832045458257,0.001574975554831326,44.003292083740234,30.5338077545166,0.0,0.07212402671575546,0.4327490031719208,0.0,good signal but more SAR/artifact,0.0,0.0,0.0,0.9147619359479482
Low-SAR protocol,5.817101555294357e-05,0.000138629533466883,44.85157012939453,44.54070281982422,9804.83329792,0.06018541380763054,0.22276392579078674,48.5235265343204,safer balance,91.19798851706028,0.0,0.0,0.8698471611016922
Artefact-corrupted,0.0006608832045458257,0.001574975554831326,44.1003532409668,43.924110412597656,13278.439341440002,0.054521698504686356,0.11798448860645294,72.73604612797212,off-resonance distortion and signal loss,0.0,0.0,0.0,0.7963936628836098
Optimized low-SAR protocol,5.5532549595227465e-05,0.00013234169455245137,44.84868240356445,44.489646911621094,7991.154585600001,0.06172296032309532,0.25191590189933777,41.78706362051223,selected low-SAR protocol balancing SAR and image quality,91.59722183689163,0.0,0.0,0.8872746017451952
Artifact-corrected optimized protocol,5.5532549595227465e-05,0.00013234169455245137,44.38650894165039,40.93601608276367,5905.228204800001,0.06466931104660034,0.39531072974205017,8.651267398759849,artifact-corrected using inverse simulation,91.59722183689163,39.772273272073505,26.10294117647059,0.9381638750410447
